region_code,region_name,year,month,time,dengue_cases,population,DIR
1,North,2001,1,1,13365,13245084,100.905362321598
1,North,2001,2,2,11981,13245084,90.4562024672701
1,North,2001,3,3,8068,13245084,60.9131659716163
1,North,2001,4,4,4420,13245084,33.3708717891106
1,North,2001,5,5,3052,13245084,23.0425114706709
1,North,2001,6,6,1546,13245084,11.6722551551957
1,North,2001,7,7,1063,13245084,8.02561916557117
1,North,2001,8,8,1279,13245084,9.65641290006164
1,North,2001,9,9,1169,13245084,8.82591609083038
1,North,2001,10,10,1494,13245084,11.2796566635591
1,North,2001,11,11,2218,13245084,16.7458356624994
1,North,2001,12,12,2237,13245084,16.8892851113666
1,North,2002,1,13,3596,13504599,26.6279657766958
1,North,2002,2,14,4341,13504599,32.1446049601325
1,North,2002,3,15,4109,13504599,30.4266716842166
1,North,2002,4,16,1854,13504599,13.7286564377069
1,North,2002,5,17,916,13504599,6.78287448594364
1,North,2002,6,18,509,13504599,3.76908636828091
1,North,2002,7,19,452,13504599,3.34700793411193
1,North,2002,8,20,516,13504599,3.82092056195078
1,North,2002,9,21,551,13504599,4.08009153030016
1,North,2002,10,22,690,13504599,5.10937051888768
1,North,2002,11,23,1330,13504599,9.84849679727625
1,North,2002,12,24,1449,13504599,10.7296780896641
1,North,2003,1,25,3647,13784881,26.4565214599967
1,North,2003,2,26,3887,13784881,28.1975593405558
1,North,2003,3,27,3229,13784881,23.4242138180228
1,North,2003,4,28,2108,13784881,15.2921160509111
1,North,2003,5,29,1865,13784881,13.529315196845
1,North,2003,6,30,1370,13784881,9.93842456819177
1,North,2003,7,31,2011,13784881,14.5884465741852
1,North,2003,8,32,3168,13784881,22.9817000233807
1,North,2003,9,33,2667,13784881,19.3472834477135
1,North,2003,10,34,1553,13784881,11.2659659521181
1,North,2003,11,35,1553,13784881,11.2659659521181
1,North,2003,12,36,1602,13784881,11.6214278527323
1,North,2004,1,37,2749,14373260,19.1257933134167
1,North,2004,2,38,2288,14373260,15.9184485635131
1,North,2004,3,39,1907,14373260,13.2676929242218
1,North,2004,4,40,1089,14373260,7.57656926821055
1,North,2004,5,41,910,14373260,6.33120113321543
1,North,2004,6,42,641,14373260,4.45967024878142
1,North,2004,7,43,585,14373260,4.07005787135278
1,North,2004,8,44,593,14373260,4.12571678241401
1,North,2004,9,45,642,14373260,4.46662761266407
1,North,2004,10,46,1012,14373260,7.04085224924617
1,North,2004,11,47,3361,14373260,23.3837000096012
1,North,2004,12,48,3461,14373260,24.0794363978666
1,North,2005,1,49,5079,14698878,34.5536577689807
1,North,2005,2,50,4539,14698878,30.8799079766497
1,North,2005,3,51,4205,14698878,28.6076256976893
1,North,2005,4,52,2337,14698878,15.8991727123662
1,North,2005,5,53,2207,14698878,15.0147514660643
1,North,2005,6,54,1902,14698878,12.9397631574328
1,North,2005,7,55,1016,14698878,6.91209220186738
1,North,2005,8,56,727,14698878,4.94595573893463
1,North,2005,9,57,548,14698878,3.72817571518044
1,North,2005,10,58,613,14698878,4.1703863383314
1,North,2005,11,59,1084,14698878,7.37471254608685
1,North,2005,12,60,1721,14698878,11.7083766529663
1,North,2006,1,61,4847,15022060,32.2658809777088
1,North,2006,2,62,3704,15022060,24.6570710009147
1,North,2006,3,63,2980,15022060,19.8374923279497
1,North,2006,4,64,2080,15022060,13.8463033698441
1,North,2006,5,65,1887,15022060,12.5615261821614
1,North,2006,6,66,798,15022060,5.31218754285364
1,North,2006,7,67,451,15022060,3.00225135567292
1,North,2006,8,68,431,15022060,2.86911382327058
1,North,2006,9,69,497,15022060,3.30846768019832
1,North,2006,10,70,562,15022060,3.74116466050595
1,North,2006,11,71,980,15022060,6.523739087715
1,North,2006,12,72,1580,15022060,10.5178650597854
1,North,2007,1,73,3717,14648122,25.375266535874
1,North,2007,2,74,5150,14648122,35.1580905729758
1,North,2007,3,75,6488,14648122,44.2923673082461
1,North,2007,4,76,4595,14648122,31.3692089675386
1,North,2007,5,77,2854,14648122,19.4837263097618
1,North,2007,6,78,1444,14648122,9.85791898784022
1,North,2007,7,79,1111,14648122,7.58459002457789
1,North,2007,8,80,961,14648122,6.56056796905433
1,North,2007,9,81,1120,14648122,7.64603134790931
1,North,2007,10,82,1956,14648122,13.3532476040273
1,North,2007,11,83,3336,14648122,22.7742505148442
1,North,2007,12,84,4207,14648122,28.7204052505843
1,North,2008,1,85,9649,15142684,63.7205398990034
1,North,2008,2,86,8641,15142684,57.0638600131919
1,North,2008,3,87,8235,15142684,54.3826972814067
1,North,2008,4,88,7008,15142684,46.2797744442135
1,North,2008,5,89,3312,15142684,21.8719481962379
1,North,2008,6,90,1519,15142684,10.0312467723688
1,North,2008,7,91,1475,15142684,9.74067741227381
1,North,2008,8,92,859,15142684,5.67270637094454
1,North,2008,9,93,838,15142684,5.53402553999014
1,North,2008,10,94,1138,15142684,7.51518026791023
1,North,2008,11,95,1827,15142684,12.0652322930334
1,North,2008,12,96,3004,15142684,19.8379626755732
1,North,2009,1,97,6637,15385707,43.1374391830028
1,North,2009,2,98,10501,15385707,68.2516572036631
1,North,2009,3,99,10741,15385707,69.8115465217166
1,North,2009,4,100,4276,15385707,27.7920280166521
1,North,2009,5,101,2925,15385707,19.0111510637763
1,North,2009,6,102,1647,15385707,10.7047404451417
1,North,2009,7,103,1102,15385707,7.16249178539537
1,North,2009,8,104,1000,15385707,6.49953882522266
1,North,2009,9,105,905,15385707,5.8820826368265
1,North,2009,10,106,1998,15385707,12.9860785727949
1,North,2009,11,107,6065,15385707,39.4197029749754
1,North,2009,12,108,8805,15385707,57.2284393560855
1,North,2010,1,109,16748,15865678,105.561199464656
1,North,2010,2,110,16795,15865678,105.857436410849
1,North,2010,3,111,12802,15865678,80.689901811949
1,North,2010,4,112,8099,15865678,51.0472984514119
1,North,2010,5,113,5917,15865678,37.2943406515625
1,North,2010,6,114,5206,15865678,32.8129689761761
1,North,2010,7,115,3760,15865678,23.6989556954326
1,North,2010,8,116,3566,15865678,22.4761904281683
1,North,2010,9,117,2855,15865678,17.994818752782
1,North,2010,10,118,3349,15865678,21.1084581446819
1,North,2010,11,119,7399,15865678,46.6352588272622
1,North,2010,12,120,11240,15865678,70.8447505363465
1,North,2011,1,121,24755,16095187,153.803742696497
1,North,2011,2,122,33482,16095187,208.024920741834
1,North,2011,3,123,27652,16095187,171.802912261908
1,North,2011,4,124,10215,16095187,63.46617780831
1,North,2011,5,125,5414,16095187,33.6373848902781
1,North,2011,6,126,3124,16095187,19.4095290722624
1,North,2011,7,127,1753,16095187,10.8914546938784
1,North,2011,8,128,1635,16095187,10.1583162718147
1,North,2011,9,129,1406,16095187,8.73553069001311
1,North,2011,10,130,1338,16095187,8.31304414170522
1,North,2011,11,131,1228,16095187,7.62961001944246
1,North,2011,12,132,2248,16095187,13.9669082440608
1,North,2012,1,133,6070,16347807,37.1303625006094
1,North,2012,2,134,7347,16347807,44.9418077911001
1,North,2012,3,135,6583,16347807,40.2683980793265
1,North,2012,4,136,4510,16347807,27.5877981676686
1,North,2012,5,137,3281,16347807,20.0699702412684
1,North,2012,6,138,2120,16347807,12.9681002473298
1,North,2012,7,139,1863,16347807,11.396023943762
1,North,2012,8,140,1959,16347807,11.983258671943
1,North,2012,9,141,1485,16347807,9.08378720154942
1,North,2012,10,142,1532,16347807,9.37128753722135
1,North,2012,11,143,2447,16347807,14.9683685401962
1,North,2012,12,144,3086,16347807,18.8771496996508
1,North,2013,1,145,9713,17013559,57.0897599967179
1,North,2013,2,146,10645,17013559,62.5677437624897
1,North,2013,3,147,9636,17013559,56.6371797928934
1,North,2013,4,148,6679,17013559,39.256924433036
1,North,2013,5,149,3794,17013559,22.2998609520795
1,North,2013,6,150,1990,17013559,11.69655331962
1,North,2013,7,151,1146,17013559,6.73580407250476
1,North,2013,8,152,801,17013559,4.70800965277165
1,North,2013,9,153,718,17013559,4.22016345903876
1,North,2013,10,154,802,17013559,4.71388731775638
1,North,2013,11,155,1417,17013559,8.32865128336758
1,North,2013,12,156,1481,17013559,8.70482184239053
1,North,2014,1,157,2886,17261983,16.7188207751103
1,North,2014,2,158,2586,17261983,14.9808976176144
1,North,2014,3,159,3050,17261983,17.6688854345413
1,North,2014,4,160,2717,17261983,15.7397907297209
1,North,2014,5,161,2691,17261983,15.5891707227379
1,North,2014,6,162,1777,17261983,10.2942981695672
1,North,2014,7,163,1431,17261983,8.28989346125529
1,North,2014,8,164,2996,17261983,17.3560592661921
1,North,2014,9,165,8184,17261983,47.4105437364873
1,North,2014,10,166,9007,17261983,52.1782462652176
1,North,2014,11,167,6970,17261983,40.3777480258207
1,North,2014,12,168,4393,17261983,25.4489881029312
1,North,2015,1,169,4242,17504446,24.2338432190313
1,North,2015,2,170,3903,17504446,22.2971923818669
1,North,2015,3,171,5227,17504446,29.8609850320313
1,North,2015,4,172,3948,17504446,22.5542699266232
1,North,2015,5,173,3289,17504446,18.7895121045248
1,North,2015,6,174,2171,17504446,12.4025633259116
1,North,2015,7,175,1503,17504446,8.58638999486188
1,North,2015,8,176,1443,17504446,8.24361993518675
1,North,2015,9,177,1181,17504446,6.74685734127204
1,North,2015,10,178,1123,17504446,6.41551295025275
1,North,2015,11,179,1460,17504446,8.34073811876137
1,North,2015,12,180,2696,17504446,15.4018013480689
1,North,2016,1,181,6311,17740418,35.5741335970776
1,North,2016,2,182,8790,17740418,49.5478742383635
1,North,2016,3,183,6746,17740418,38.0261615030717
1,North,2016,4,184,5686,17740418,32.0511049965114
1,North,2016,5,185,3217,17740418,18.1337328128345
1,North,2016,6,186,1715,17740418,9.66719047995374
1,North,2016,7,187,1178,17740418,6.64020430634724
1,North,2016,8,188,838,17740418,4.7236767476392
1,North,2016,9,189,701,17740418,3.95142887839509
1,North,2016,10,190,743,17740418,4.18817640035314
1,North,2016,11,191,1035,17740418,5.83413536253768
1,North,2016,12,192,1602,17740418,9.03022690897137
1,North,2017,1,193,4222,17936201,23.5389868791056
1,North,2017,2,194,4155,17936201,23.1654406638284
1,North,2017,3,195,3875,17936201,21.6043520029687
1,North,2017,4,196,2375,17936201,13.2413770340776
1,North,2017,5,197,1854,17936201,10.3366370615494
1,North,2017,6,198,968,17936201,5.39690651325774
1,North,2017,7,199,718,17936201,4.00307735177589
1,North,2017,8,200,707,17936201,3.94174886867068
1,North,2017,9,201,628,17936201,3.50129885364242
1,North,2017,10,202,600,17936201,3.34518998755645
1,North,2017,11,203,766,17936201,4.2706925507804
1,North,2017,12,204,768,17936201,4.28184318407226
1,North,2018,1,205,1361,18182253,7.48532098854856
1,North,2018,2,206,1480,18182253,8.13980533655538
1,North,2018,3,207,1949,18182253,10.7192436492881
1,North,2018,4,208,1878,18182253,10.3287529878723
1,North,2018,5,209,1449,18182253,7.96930941396536
1,North,2018,6,210,783,18182253,4.30639701251545
1,North,2018,7,211,667,18182253,3.66841226992057
1,North,2018,8,212,780,18182253,4.28989740710351
1,North,2018,9,213,859,18182253,4.72438701628451
1,North,2018,10,214,1609,18182253,8.84928836926865
1,North,2018,11,215,2577,18182253,14.1731610488535
1,North,2018,12,216,2278,18182253,12.5287003761305
1,North,2019,1,217,5034,18430980,27.3127093621717
1,North,2019,2,218,5256,18430980,28.517203100432
1,North,2019,3,219,4796,18430980,26.0214052643972
1,North,2019,4,220,3970,18430980,21.5398204544739
1,North,2019,5,221,3017,18430980,16.3691784159063
1,North,2019,6,222,1279,18430980,6.93940311367057
1,North,2019,7,223,771,18430980,4.18317419909305
1,North,2019,8,224,710,18430980,3.85220970344496
1,North,2019,9,225,827,18430980,4.48701045739293
1,North,2019,10,226,2053,18430980,11.1388542551725
1,North,2019,11,227,4624,18430980,25.088193899619
1,North,2019,12,228,4827,18430980,26.1896003359561
1,North,2020,1,229,5316,18672591,28.4695359096121
1,North,2020,2,230,3849,18672591,20.6131007742846
1,North,2020,3,231,3283,18672591,17.5819199381596
1,North,2020,4,232,1818,18672591,9.73619568917886
1,North,2020,5,233,2099,18672591,11.2410752208946
1,North,2020,6,234,1239,18672591,6.63539409180012
1,North,2020,7,235,807,18672591,4.32184264090613
1,North,2020,8,236,552,18672591,2.95620463169787
1,North,2020,9,237,514,18672591,2.75269779110998
1,North,2020,10,238,720,18672591,3.85591908482331
1,North,2020,11,239,1608,18672591,8.61155262277206
1,North,2020,12,240,3455,18672591,18.5030561639785
2,Northeast,2001,1,1,8775,48331186,18.1559790401171
2,Northeast,2001,2,2,14581,48331186,30.1689265394812
2,Northeast,2001,3,3,22254,48331186,46.0448042802012
2,Northeast,2001,4,4,23581,48331186,48.7904435037038
2,Northeast,2001,5,5,28030,48331186,57.9956800563512
2,Northeast,2001,6,6,17330,48331186,35.8567654433309
2,Northeast,2001,7,7,11219,48331186,23.2127554246238
2,Northeast,2001,8,8,7419,48331186,15.3503371508409
2,Northeast,2001,9,9,4563,48331186,9.44110910086088
2,Northeast,2001,10,10,4535,48331186,9.38317549252774
2,Northeast,2001,11,11,4176,48331186,8.64038387139931
2,Northeast,2001,12,12,3233,48331186,6.68926270503687
2,Northeast,2002,1,13,20893,48845112,42.773983198155
2,Northeast,2002,2,14,65140,48845112,133.360324775179
2,Northeast,2002,3,15,82222,48845112,168.33209431478
2,Northeast,2002,4,16,43297,48845112,88.6414182037294
2,Northeast,2002,5,17,18804,48845112,38.4971990646679
2,Northeast,2002,6,18,8858,48845112,18.1348749901525
2,Northeast,2002,7,19,6759,48845112,13.8376179790518
2,Northeast,2002,8,20,5178,48845112,10.6008560283371
2,Northeast,2002,9,21,3759,48845112,7.69575469496313
2,Northeast,2002,10,22,4016,48845112,8.2219076496334
2,Northeast,2002,11,23,4628,48845112,9.47484775958749
2,Northeast,2002,12,24,4129,48845112,8.4532511666674
2,Northeast,2003,1,25,10600,49352225,21.4782616183971
2,Northeast,2003,2,26,19573,49352225,39.6598127034799
2,Northeast,2003,3,27,31727,49352225,64.286868525178
2,Northeast,2003,4,28,30899,49352225,62.6091326176277
2,Northeast,2003,5,29,27226,49352225,55.1667123417435
2,Northeast,2003,6,30,14478,49352225,29.3360633689768
2,Northeast,2003,7,31,6569,49352225,13.310443450118
2,Northeast,2003,8,32,3150,49352225,6.38269095263689
2,Northeast,2003,9,33,1880,49352225,3.80935206062138
2,Northeast,2003,10,34,1768,49352225,3.58241193786096
2,Northeast,2003,11,35,1710,49352225,3.4648893742886
2,Northeast,2003,12,36,1895,49352225,3.83974582706251
2,Northeast,2004,1,37,1969,50427274,3.90463303647943
2,Northeast,2004,2,38,3201,50427274,6.34775538332689
2,Northeast,2004,3,39,3833,50427274,7.60104541839799
2,Northeast,2004,4,40,2716,50427274,5.385974264641
2,Northeast,2004,5,41,2674,50427274,5.30268600281665
2,Northeast,2004,6,42,1989,50427274,3.94429411353864
2,Northeast,2004,7,43,1588,50427274,3.14908951850144
2,Northeast,2004,8,44,1363,50427274,2.7029024015853
2,Northeast,2004,9,45,751,50427274,1.48927344357341
2,Northeast,2004,10,46,735,50427274,1.45754458192604
2,Northeast,2004,11,47,760,50427274,1.50712092825006
2,Northeast,2004,12,48,773,50427274,1.53290062833855
2,Northeast,2005,1,49,3096,51019091,6.06831666209028
2,Northeast,2005,2,50,5197,51019091,10.1863829757375
2,Northeast,2005,3,51,9622,51019091,18.8596068871552
2,Northeast,2005,4,52,10904,51019091,21.3723917582146
2,Northeast,2005,5,53,11019,51019091,21.5977975773814
2,Northeast,2005,6,54,8925,51019091,17.4934516179444
2,Northeast,2005,7,55,10055,51019091,19.7083087975832
2,Northeast,2005,8,56,7547,51019091,14.7925018891458
2,Northeast,2005,9,57,3958,51019091,7.75788028054048
2,Northeast,2005,10,58,2064,51019091,4.04554444139352
2,Northeast,2005,11,59,1986,51019091,3.89266049448039
2,Northeast,2005,12,60,1632,51019091,3.19880258156697
2,Northeast,2006,1,61,3204,51609027,6.20821624868068
2,Northeast,2006,2,62,3727,51609027,7.2216048560652
2,Northeast,2006,3,63,5817,51609027,11.2712839945617
2,Northeast,2006,4,64,7860,51609027,15.22989379358
2,Northeast,2006,5,65,12167,51609027,23.5753330517159
2,Northeast,2006,6,66,11918,51609027,23.0928593170338
2,Northeast,2006,7,67,9131,51609027,17.6926412505316
2,Northeast,2006,8,68,5845,51609027,11.3255380691444
2,Northeast,2006,9,69,2869,51609027,5.55910499920876
2,Northeast,2006,10,70,2391,51609027,4.63291044026077
2,Northeast,2006,11,71,2555,51609027,4.95068430567389
2,Northeast,2006,12,72,2210,51609027,4.28219660099385
2,Northeast,2007,1,73,6733,51535782,13.064709098622
2,Northeast,2007,2,74,9592,51535782,18.6123109570744
2,Northeast,2007,3,75,15393,51535782,29.8685678234202
2,Northeast,2007,4,76,20235,51535782,39.2639816739368
2,Northeast,2007,5,77,21223,51535782,41.1810962721008
2,Northeast,2007,6,78,16632,51535782,32.2727226686887
2,Northeast,2007,7,79,12264,51535782,23.7970581294371
2,Northeast,2007,8,80,7299,51535782,14.1629751538455
2,Northeast,2007,9,81,4276,51535782,8.29714779529299
2,Northeast,2007,10,82,4185,51535782,8.12057145072525
2,Northeast,2007,11,83,3880,51535782,7.52874963651469
2,Northeast,2007,12,84,3917,51535782,7.60054441397629
2,Northeast,2008,1,85,8270,53088499,15.5777619555603
2,Northeast,2008,2,86,14245,53088499,26.8325536949161
2,Northeast,2008,3,87,26301,53088499,49.541803771849
2,Northeast,2008,4,88,55529,53088499,104.597042760618
2,Northeast,2008,5,89,45349,53088499,85.4215147427694
2,Northeast,2008,6,90,15086,53088499,28.4167009506146
2,Northeast,2008,7,91,4994,53088499,9.40693388223314
2,Northeast,2008,8,92,2410,53088499,4.53958963880294
2,Northeast,2008,9,93,1599,53088499,3.01195179769539
2,Northeast,2008,10,94,1822,53088499,3.43200511282114
2,Northeast,2008,11,95,2315,53088499,4.36064315926506
2,Northeast,2008,12,96,2803,53088499,5.27986296994383
2,Northeast,2009,1,97,8837,53591197,16.4896484771557
2,Northeast,2009,2,98,18842,53591197,35.1587593760968
2,Northeast,2009,3,99,41310,53591197,77.0835553458528
2,Northeast,2009,4,100,25727,53591197,48.0060186004056
2,Northeast,2009,5,101,13463,53591197,25.1216631716586
2,Northeast,2009,6,102,5733,53591197,10.6976524521369
2,Northeast,2009,7,103,3332,53591197,6.21743903201117
2,Northeast,2009,8,104,2417,53591197,4.5100690697392
2,Northeast,2009,9,105,1514,53591197,2.82509084467735
2,Northeast,2009,10,106,1436,53591197,2.67954455281154
2,Northeast,2009,11,107,2061,53591197,3.84578086583884
2,Northeast,2009,12,108,2684,53591197,5.00828522266446
2,Northeast,2010,1,109,4773,53078137,8.99240303027214
2,Northeast,2010,2,110,8636,53078137,16.2703525182129
2,Northeast,2010,3,111,20111,53078137,37.8894232855234
2,Northeast,2010,4,112,22380,53078137,42.1642530520617
2,Northeast,2010,5,113,28733,53078137,54.1333995953927
2,Northeast,2010,6,114,24098,53078137,45.4009906187928
2,Northeast,2010,7,115,19072,53078137,35.9319318234549
2,Northeast,2010,8,116,12971,53078137,24.437557030308
2,Northeast,2010,9,117,7940,53078137,14.9590781605617
2,Northeast,2010,10,118,6391,53078137,12.040739108835
2,Northeast,2010,11,119,7051,53078137,13.2841889307456
2,Northeast,2010,12,120,7446,53078137,14.0283748090103
2,Northeast,2011,1,121,13577,53501859,25.3766883128304
2,Northeast,2011,2,122,21847,53501859,40.8340951292926
2,Northeast,2011,3,123,35576,53501859,66.4948857197654
2,Northeast,2011,4,124,37871,53501859,70.7844562933785
2,Northeast,2011,5,125,27277,53501859,50.9832751792793
2,Northeast,2011,6,126,14931,53501859,27.9074414965656
2,Northeast,2011,7,127,8380,53501859,15.6630071489665
2,Northeast,2011,8,128,5553,53501859,10.3790786036052
2,Northeast,2011,9,129,3423,53501859,6.39790852874851
2,Northeast,2011,10,130,2727,53501859,5.09701915217563
2,Northeast,2011,11,131,1690,53501859,3.15876874483932
2,Northeast,2011,12,132,1990,53501859,3.71949692439659
2,Northeast,2012,1,133,13282,53907144,24.6386638475969
2,Northeast,2012,2,134,18503,53907144,34.3238365586572
2,Northeast,2012,3,135,33478,53907144,62.1030860028496
2,Northeast,2012,4,136,45350,53907144,84.1261410546995
2,Northeast,2012,5,137,53605,53907144,99.4395102808637
2,Northeast,2012,6,138,20815,53907144,38.6126929670027
2,Northeast,2012,7,139,12763,53907144,23.6758972057581
2,Northeast,2012,8,140,7776,53907144,14.4248042522898
2,Northeast,2012,9,141,4074,53907144,7.55743988217962
2,Northeast,2012,10,142,2734,53907144,5.07168400537042
2,Northeast,2012,11,143,2948,53907144,5.46866292898025
2,Northeast,2012,12,144,3886,53907144,7.20869204274669
2,Northeast,2013,1,145,9483,55794707,16.9962358615845
2,Northeast,2013,2,146,16983,55794707,30.438371152303
2,Northeast,2013,3,147,25938,55794707,46.488280689421
2,Northeast,2013,4,148,25218,55794707,45.197835701512
2,Northeast,2013,5,149,20827,55794707,37.3279135599726
2,Northeast,2013,6,150,14331,55794707,25.685232113505
2,Northeast,2013,7,151,11327,55794707,20.3012088583958
2,Northeast,2013,8,152,8568,55794707,15.3562953561168
2,Northeast,2013,9,153,5035,55794707,9.0241534918357
2,Northeast,2013,10,154,3467,55794707,6.21385107372282
2,Northeast,2013,11,155,3559,55794707,6.3787412666223
2,Northeast,2013,12,156,2492,55794707,4.46637348592941
2,Northeast,2014,1,157,4583,56186190,8.15680863927595
2,Northeast,2014,2,158,5714,56186190,10.1697587966011
2,Northeast,2014,3,159,7633,56186190,13.5851888159706
2,Northeast,2014,4,160,11486,56186190,20.4427458063983
2,Northeast,2014,5,161,16403,56186190,29.1940065699418
2,Northeast,2014,6,162,12628,56186190,22.4752737282952
2,Northeast,2014,7,163,9858,56186190,17.5452366497889
2,Northeast,2014,8,164,6459,56186190,11.495707397138
2,Northeast,2014,9,165,4379,56186190,7.79373009631014
2,Northeast,2014,10,166,3742,56186190,6.65999954793162
2,Northeast,2014,11,167,3754,56186190,6.68135710928255
2,Northeast,2014,12,168,4185,56186190,7.44844952113678
2,Northeast,2015,1,169,9734,56560081,17.2100177862192
2,Northeast,2015,2,170,15616,56560081,27.6095785647832
2,Northeast,2015,3,171,47533,56560081,84.0398372131044
2,Northeast,2015,4,172,61538,56560081,108.801117169546
2,Northeast,2015,5,173,56620,56560081,100.10593867431
2,Northeast,2015,6,174,30778,56560081,54.4164708675011
2,Northeast,2015,7,175,18360,56560081,32.4610567654597
2,Northeast,2015,8,176,12160,56560081,21.4992619971672
2,Northeast,2015,9,177,11368,56560081,20.0989811170886
2,Northeast,2015,10,178,12209,56560081,21.585895536465
2,Northeast,2015,11,179,26428,56560081,46.7255342155539
2,Northeast,2015,12,180,27317,56560081,48.2973141428139
2,Northeast,2016,1,181,42651,56915936,74.936833156886
2,Northeast,2016,2,182,80157,56915936,140.834018788692
2,Northeast,2016,3,183,74037,56915936,130.081318525623
2,Northeast,2016,4,184,46530,56915936,81.752147588331
2,Northeast,2016,5,185,30339,56915936,53.3049302747125
2,Northeast,2016,6,186,16627,56915936,29.2132593585037
2,Northeast,2016,7,187,10077,56915936,17.7050589135528
2,Northeast,2016,8,188,6169,56915936,10.8387921442599
2,Northeast,2016,9,189,3655,56915936,6.42175154599935
2,Northeast,2016,10,190,3301,56915936,5.79978162882185
2,Northeast,2016,11,191,4112,56915936,7.22469011139516
2,Northeast,2016,12,192,7314,56915936,12.8505310006674
2,Northeast,2017,1,193,6330,57254159,11.0559653841042
2,Northeast,2017,2,194,9147,57254159,15.9761319697317
2,Northeast,2017,3,195,13870,57254159,24.2253143566391
2,Northeast,2017,4,196,18345,57254159,32.0413404378187
2,Northeast,2017,5,197,12582,57254159,21.975696123665
2,Northeast,2017,6,198,7334,57254159,12.8095497830996
2,Northeast,2017,7,199,4477,57254159,7.81951927719347
2,Northeast,2017,8,200,3532,57254159,6.16898416060919
2,Northeast,2017,9,201,2396,57254159,4.18484882469412
2,Northeast,2017,10,202,2098,57254159,3.6643626186178
2,Northeast,2017,11,203,1926,57254159,3.36394776141939
2,Northeast,2017,12,204,1565,57254159,2.73342588090413
2,Northeast,2018,1,205,2628,56760780,4.62995751644005
2,Northeast,2018,2,206,3509,56760780,6.18208558797113
2,Northeast,2018,3,207,6659,56760780,11.7316922001424
2,Northeast,2018,4,208,12182,56760780,21.4620024601494
2,Northeast,2018,5,209,11851,56760780,20.8788533209022
2,Northeast,2018,6,210,8458,56760780,14.9011341986491
2,Northeast,2018,7,211,6087,56760780,10.7239541105672
2,Northeast,2018,8,212,4768,56760780,8.40016645296277
2,Northeast,2018,9,213,2737,56760780,4.82199152301994
2,Northeast,2018,10,214,2650,56760780,4.6687166737314
2,Northeast,2018,11,215,2580,56760780,4.54539208234982
2,Northeast,2018,12,216,2377,56760780,4.18775076734323
2,Northeast,2019,1,217,5616,57071654,9.84026150705217
2,Northeast,2019,2,218,9599,57071654,16.819207657798
2,Northeast,2019,3,219,15283,57071654,26.7786176303914
2,Northeast,2019,4,220,28308,57071654,49.6008053314873
2,Northeast,2019,5,221,47717,57071654,83.6089313269246
2,Northeast,2019,6,222,35866,57071654,62.8438068397317
2,Northeast,2019,7,223,27581,57071654,48.3269680601862
2,Northeast,2019,8,224,18496,57071654,32.4083826272146
2,Northeast,2019,9,225,11967,57071654,20.9683777519397
2,Northeast,2019,10,226,7798,57071654,13.6635255042722
2,Northeast,2019,11,227,5155,57071654,9.0325049980153
2,Northeast,2019,12,228,3467,57071654,6.07481955928595
2,Northeast,2020,1,229,6878,57374243,11.9879577321831
2,Northeast,2020,2,230,13389,57374243,23.3362556086361
2,Northeast,2020,3,231,17638,57374243,30.7420178075378
2,Northeast,2020,4,232,27021,57374243,47.0960462171152
2,Northeast,2020,5,233,31518,57374243,54.9340581277909
2,Northeast,2020,6,234,21776,57374243,37.9543134015729
2,Northeast,2020,7,235,14021,57374243,24.4377951967053
2,Northeast,2020,8,236,7067,57374243,12.3173738431721
2,Northeast,2020,9,237,4170,57374243,7.26806975039305
2,Northeast,2020,10,238,3123,57374243,5.44320907205695
2,Northeast,2020,11,239,2604,57374243,4.53862197362674
2,Northeast,2020,12,240,2719,57374243,4.73906034803806
3,Southeast,2001,1,1,8074,73470763,10.989405404705
3,Southeast,2001,2,2,14967,73470763,20.3713686762719
3,Southeast,2001,3,3,27531,73470763,37.4720485752952
3,Southeast,2001,4,4,44640,73470763,60.758862678478
3,Southeast,2001,5,5,37403,73470763,50.9086859489944
3,Southeast,2001,6,6,13613,73470763,18.5284587285421
3,Southeast,2001,7,7,3887,73470763,5.29053985733073
3,Southeast,2001,8,8,1413,73470763,1.92321400010505
3,Southeast,2001,9,9,907,73470763,1.23450466956495
3,Southeast,2001,10,10,1114,73470763,1.51624939569499
3,Southeast,2001,11,11,1871,73470763,2.54659122023818
3,Southeast,2001,12,12,3835,73470763,5.21976340438985
3,Southeast,2002,1,13,56795,74447456,76.2887048820043
3,Southeast,2002,2,14,104548,74447456,140.431930944692
3,Southeast,2002,3,15,121337,74447456,162.983406713051
3,Southeast,2002,4,16,44798,74447456,60.1739836482794
3,Southeast,2002,5,17,16985,74447456,22.8147487000765
3,Southeast,2002,6,18,4791,74447456,6.43541130539101
3,Southeast,2002,7,19,1371,74447456,1.84156729277626
3,Southeast,2002,8,20,825,74447456,1.10816412585005
3,Southeast,2002,9,21,539,74447456,0.724000562222032
3,Southeast,2002,10,22,722,74447456,0.969811513774225
3,Southeast,2002,11,23,2129,74447456,2.85973505931485
3,Southeast,2002,12,24,4008,74447456,5.38366280776606
3,Southeast,2003,1,25,7518,75391969,9.97188440588413
3,Southeast,2003,2,26,17364,75391969,23.0316308624331
3,Southeast,2003,3,27,21955,75391969,29.1211388841695
3,Southeast,2003,4,28,9748,75391969,12.9297591365468
3,Southeast,2003,5,29,4892,75391969,6.4887547903146
3,Southeast,2003,6,30,1713,75391969,2.27212529758972
3,Southeast,2003,7,31,515,75391969,0.68309663062388
3,Southeast,2003,8,32,243,75391969,0.32231549755651
3,Southeast,2003,9,33,206,75391969,0.273238652249552
3,Southeast,2003,10,34,288,75391969,0.382003552659568
3,Southeast,2003,11,35,716,75391969,0.94970327675087
3,Southeast,2003,12,36,1293,75391969,1.71503678329452
3,Southeast,2004,1,37,1655,77374720,2.13894150440867
3,Southeast,2004,2,38,3320,77374720,4.29080712666876
3,Southeast,2004,3,39,7051,77374720,9.11279549703056
3,Southeast,2004,4,40,4152,77374720,5.36609373190624
3,Southeast,2004,5,41,3124,77374720,4.03749441678109
3,Southeast,2004,6,42,809,77374720,1.04556113417923
3,Southeast,2004,7,43,280,77374720,0.361875299839534
3,Southeast,2004,8,44,166,77374720,0.214540356333438
3,Southeast,2004,9,45,139,77374720,0.179645238134626
3,Southeast,2004,10,46,153,77374720,0.197739003126603
3,Southeast,2004,11,47,249,77374720,0.321810534500157
3,Southeast,2004,12,48,550,77374720,0.710826481827656
3,Southeast,2005,1,49,672,78472017,0.856356221861864
3,Southeast,2005,2,50,1554,78472017,1.98032376305556
3,Southeast,2005,3,51,3587,78472017,4.57105620211088
3,Southeast,2005,4,52,5267,78472017,6.71194675676554
3,Southeast,2005,5,53,4196,78472017,5.34712902817319
3,Southeast,2005,6,54,2088,78472017,2.66082111792794
3,Southeast,2005,7,55,830,78472017,1.05770188116867
3,Southeast,2005,8,56,512,78472017,0.652461883323325
3,Southeast,2005,9,57,281,78472017,0.358089432058309
3,Southeast,2005,10,58,400,78472017,0.509735846346348
3,Southeast,2005,11,59,791,78472017,1.0080026361499
3,Southeast,2005,12,60,1178,78472017,1.50117206748999
3,Southeast,2006,1,61,6588,79561095,8.28042902124462
3,Southeast,2006,2,62,13568,79561095,17.0535611657934
3,Southeast,2006,3,63,33023,79561095,41.5064674512084
3,Southeast,2006,4,64,42137,79561095,52.9618150680304
3,Southeast,2006,5,65,20709,79561095,26.0290535216993
3,Southeast,2006,6,66,4470,79561095,5.61832388053483
3,Southeast,2006,7,67,1458,79561095,1.83255396371807
3,Southeast,2006,8,68,817,79561095,1.02688380545793
3,Southeast,2006,9,69,492,79561095,0.618392695575645
3,Southeast,2006,10,70,787,79561095,0.98917693377649
3,Southeast,2006,11,71,1505,79561095,1.89162806268566
3,Southeast,2006,12,72,2793,79561095,3.51050975354223
3,Southeast,2007,1,73,10207,77873342,13.1071811455068
3,Southeast,2007,2,74,24806,77873342,31.8542897516842
3,Southeast,2007,3,75,56170,77873342,72.1299465996978
3,Southeast,2007,4,76,58318,77873342,74.8882717785504
3,Southeast,2007,5,77,31378,77873342,40.2936347588627
3,Southeast,2007,6,78,8039,77873342,10.3231732368697
3,Southeast,2007,7,79,3601,77873342,4.62417549769471
3,Southeast,2007,8,80,1483,77873342,1.90437441351881
3,Southeast,2007,9,81,1321,77873342,1.69634430226457
3,Southeast,2007,10,82,1984,77873342,2.54772679461991
3,Southeast,2007,11,83,3933,77873342,5.05050881211699
3,Southeast,2007,12,84,5772,77873342,7.41203581579946
3,Southeast,2008,1,85,18831,80187717,23.4836465041148
3,Southeast,2008,2,86,28279,80187717,35.2659996542862
3,Southeast,2008,3,87,83897,80187717,104.625749602024
3,Southeast,2008,4,88,95992,80187717,119.709107069353
3,Southeast,2008,5,89,37326,80187717,46.5482762154209
3,Southeast,2008,6,90,8655,80187717,10.7934236361911
3,Southeast,2008,7,91,2396,80187717,2.98798879633897
3,Southeast,2008,8,92,1253,80187717,1.56258345651616
3,Southeast,2008,9,93,1034,80187717,1.28947429691757
3,Southeast,2008,10,94,1552,80187717,1.93545851916448
3,Southeast,2008,11,95,2869,80187717,3.57785469812041
3,Southeast,2008,12,96,4827,80187717,6.01962517526219
3,Southeast,2009,1,97,8708,80915332,10.7618664902716
3,Southeast,2009,2,98,14974,80915332,18.505763530699
3,Southeast,2009,3,99,27080,80915332,33.4670813684606
3,Southeast,2009,4,100,24765,80915332,30.6060661037639
3,Southeast,2009,5,101,20531,80915332,25.3734360256966
3,Southeast,2009,6,102,6364,80915332,7.86501129353334
3,Southeast,2009,7,103,2266,80915332,2.80045813814371
3,Southeast,2009,8,104,968,80915332,1.19631221435265
3,Southeast,2009,9,105,513,80915332,0.633996039217883
3,Southeast,2009,10,106,785,80915332,0.970149884573173
3,Southeast,2009,11,107,2448,80915332,3.02538460819762
3,Southeast,2009,12,108,6047,80915332,7.47324376052736
3,Southeast,2010,1,109,28196,80353724,35.0898484804513
3,Southeast,2010,2,110,68012,80353724,84.6407566623794
3,Southeast,2010,3,111,125518,80353724,156.206823718587
3,Southeast,2010,4,112,122299,80353724,152.200786611956
3,Southeast,2010,5,113,75392,80353724,93.8251474194276
3,Southeast,2010,6,114,16450,80353724,20.4719821075125
3,Southeast,2010,7,115,6277,80353724,7.81171013306116
3,Southeast,2010,8,116,3788,80353724,4.71415612299438
3,Southeast,2010,9,117,2260,80353724,2.81256410717193
3,Southeast,2010,10,118,1832,80353724,2.27991922315884
3,Southeast,2010,11,119,3494,80353724,4.34827388958351
3,Southeast,2010,12,120,7183,80353724,8.93922477071505
3,Southeast,2011,1,121,15672,80975616,19.3539744112598
3,Southeast,2011,2,122,37371,80975616,46.1509301763138
3,Southeast,2011,3,123,65794,80975616,81.2516202408389
3,Southeast,2011,4,124,104365,80975616,128.884478013727
3,Southeast,2011,5,125,73374,80975616,90.612462892533
3,Southeast,2011,6,126,17881,80975616,22.0819561286203
3,Southeast,2011,7,127,5471,80975616,6.7563549007148
3,Southeast,2011,8,128,2765,80975616,3.41460817043985
3,Southeast,2011,9,129,2531,80975616,3.12563228910787
3,Southeast,2011,10,130,3337,80975616,4.12099365814025
3,Southeast,2011,11,131,2779,80975616,3.43189732573322
3,Southeast,2011,12,132,3428,80975616,4.23337316754713
3,Southeast,2012,1,133,13217,81565983,16.2040589886595
3,Southeast,2012,2,134,20786,81565983,25.4836627175817
3,Southeast,2012,3,135,43012,81565983,52.7327672860879
3,Southeast,2012,4,136,61247,81565983,75.0889007247053
3,Southeast,2012,5,137,50516,81565983,61.9326809314613
3,Southeast,2012,6,138,23343,81565983,28.6185480042581
3,Southeast,2012,7,139,7956,81565983,9.75406622635811
3,Southeast,2012,8,140,4533,81565983,5.55746382655623
3,Southeast,2012,9,141,2942,81565983,3.60689578154168
3,Southeast,2012,10,142,3233,81565983,3.96366215558268
3,Southeast,2012,11,143,4717,81565983,5.78304806306325
3,Southeast,2012,12,144,12367,81565983,15.1619578960999
3,Southeast,2013,1,145,71545,84465570,84.703151828609
3,Southeast,2013,2,146,136984,84465570,162.177322665318
3,Southeast,2013,3,147,309027,84465570,365.861498359628
3,Southeast,2013,4,148,262235,84465570,310.463778318195
3,Southeast,2013,5,149,83113,84465570,98.3986729740887
3,Southeast,2013,6,150,21334,84465570,25.257628640877
3,Southeast,2013,7,151,6438,84465570,7.62204055451233
3,Southeast,2013,8,152,3092,84465570,3.6606631554135
3,Southeast,2013,9,153,2414,84465570,2.85796922935582
3,Southeast,2013,10,154,2452,84465570,2.9029579744741
3,Southeast,2013,11,155,3050,84465570,3.61093875291435
3,Southeast,2013,12,156,5071,84465570,6.00362964459957
3,Southeast,2014,1,157,12466,85115623,14.6459598844739
3,Southeast,2014,2,158,23258,85115623,27.325183298018
3,Southeast,2014,3,159,51381,85115623,60.3661210351477
3,Southeast,2014,4,160,108178,85115623,127.095351225944
3,Southeast,2014,5,161,68815,85115623,80.8488472204451
3,Southeast,2014,6,162,19545,85115623,22.9628819141699
3,Southeast,2014,7,163,6940,85115623,8.1536147600071
3,Southeast,2014,8,164,3489,85115623,4.09912995643585
3,Southeast,2014,9,165,3426,85115623,4.02511299247613
3,Southeast,2014,10,166,3465,85115623,4.07093301778453
3,Southeast,2014,11,167,4683,85115623,5.50192765433909
3,Southeast,2014,12,168,7630,85115623,8.96427674623259
3,Southeast,2015,1,169,54899,85745520,64.0255024402441
3,Southeast,2015,2,170,137656,85745520,160.540165830238
3,Southeast,2015,3,171,291664,85745520,340.150715745849
3,Southeast,2015,4,172,280037,85745520,326.5908236372
3,Southeast,2015,5,173,155084,85745520,180.865425972109
3,Southeast,2015,6,174,43493,85745520,50.7233497446864
3,Southeast,2015,7,175,13813,85745520,16.1092964390443
3,Southeast,2015,8,176,8734,85745520,10.1859549046994
3,Southeast,2015,9,177,6734,85745520,7.85347152830842
3,Southeast,2015,10,178,8843,85745520,10.3130752487127
3,Southeast,2015,11,179,15727,85745520,18.3414830302504
3,Southeast,2015,12,180,36524,85745520,42.595811419652
3,Southeast,2016,1,181,124585,86356952,144.267481788843
3,Southeast,2016,2,182,220265,86356952,255.063425582691
3,Southeast,2016,3,183,242086,86356952,280.331802354488
3,Southeast,2016,4,184,184641,86356952,213.811390656771
3,Southeast,2016,5,185,56335,86356952,65.23504905546
3,Southeast,2016,6,186,9424,86356952,10.9128446312
3,Southeast,2016,7,187,3375,86356952,3.90819722307939
3,Southeast,2016,8,188,2189,86356952,2.53482776928023
3,Southeast,2016,9,189,2032,86356952,2.35302422438439
3,Southeast,2016,10,190,2532,86356952,2.93201640558134
3,Southeast,2016,11,191,3840,86356952,4.44665995159255
3,Southeast,2016,12,192,11723,86356952,13.5750506803436
3,Southeast,2017,1,193,8500,86949714,9.7757653348923
3,Southeast,2017,2,194,7572,86949714,8.70848177832994
3,Southeast,2017,3,195,9281,86949714,10.673985655663
3,Southeast,2017,4,196,6808,86949714,7.82981298822904
3,Southeast,2017,5,197,5388,86949714,6.19668513228232
3,Southeast,2017,6,198,3102,86949714,3.56757930221599
3,Southeast,2017,7,199,1708,86949714,1.96435378729365
3,Southeast,2017,8,200,1491,86949714,1.71478424874405
3,Southeast,2017,9,201,1723,86949714,1.98160513788464
3,Southeast,2017,10,202,2266,86949714,2.60610402927835
3,Southeast,2017,11,203,2315,86949714,2.6624584412089
3,Southeast,2017,12,204,2513,86949714,2.89017626900992
3,Southeast,2018,1,205,5055,87711946,5.7631830446448
3,Southeast,2018,2,206,5777,87711946,6.58633203737151
3,Southeast,2018,3,207,10626,87711946,12.1146553971109
3,Southeast,2018,4,208,14112,87711946,16.0890285115781
3,Southeast,2018,5,209,9511,87711946,10.8434488501714
3,Southeast,2018,6,210,4765,87711946,5.43255533288476
3,Southeast,2018,7,211,3348,87711946,3.81703992749175
3,Southeast,2018,8,212,2171,87711946,2.47514745596911
3,Southeast,2018,9,213,1837,87711946,2.09435553966617
3,Southeast,2018,10,214,2533,87711946,2.88786204789026
3,Southeast,2018,11,215,4327,87711946,4.93319347857132
3,Southeast,2018,12,216,8567,87711946,9.76719864361463
3,Southeast,2019,1,217,44493,88371433,50.3477181364706
3,Southeast,2019,2,218,86637,88371433,98.0373374730723
3,Southeast,2019,3,219,166068,88371433,187.920456150123
3,Southeast,2019,4,220,278342,88371433,314.968299767188
3,Southeast,2019,5,221,290612,88371433,328.852877150923
3,Southeast,2019,6,222,95075,88371433,107.585671944462
3,Southeast,2019,7,223,23754,88371433,26.8797270719826
3,Southeast,2019,8,224,8147,88371433,9.21904253832797
3,Southeast,2019,9,225,5558,88371433,6.28936276273804
3,Southeast,2019,10,226,5681,88371433,6.42854801279504
3,Southeast,2019,11,227,8149,88371433,9.22130571312564
3,Southeast,2019,12,228,13968,88371433,15.8060127869602
3,Southeast,2020,1,229,48563,89012240,54.5576653278246
3,Southeast,2020,2,230,77434,89012240,86.9925304654731
3,Southeast,2020,3,231,67366,89012240,75.6817264681801
3,Southeast,2020,4,232,48740,89012240,54.756514384988
3,Southeast,2020,5,233,28136,89012240,31.6091360019701
3,Southeast,2020,6,234,11111,89012240,12.4825529612557
3,Southeast,2020,7,235,5784,89012240,6.49798274933874
3,Southeast,2020,8,236,3302,89012240,3.70960218504781
3,Southeast,2020,9,237,3107,89012240,3.49053118986782
3,Southeast,2020,10,238,2990,89012240,3.35908859275983
3,Southeast,2020,11,239,4415,89012240,4.95999201907513
3,Southeast,2020,12,240,8375,89012240,9.40881838273028
4,South,2001,1,1,66,25453264,0.259298768126555
4,South,2001,2,2,277,25453264,1.08826907228872
4,South,2001,3,3,602,25453264,2.36511906685131
4,South,2001,4,4,412,25453264,1.61865291618395
4,South,2001,5,5,154,25453264,0.605030458961963
4,South,2001,6,6,32,25453264,0.125720614849239
4,South,2001,7,7,22,25453264,0.0864329227088518
4,South,2001,8,8,26,25453264,0.102147999565007
4,South,2001,9,9,14,25453264,0.0550027689965421
4,South,2001,10,10,18,25453264,0.0707178458526969
4,South,2001,11,11,24,25453264,0.0942904611369292
4,South,2001,12,12,32,25453264,0.125720614849239
4,South,2002,1,13,362,25734253,1.40668547868866
4,South,2002,2,14,882,25734253,3.42733865249557
4,South,2002,3,15,1870,25734253,7.2665796827287
4,South,2002,4,16,2723,25734253,10.5812280620696
4,South,2002,5,17,1412,25734253,5.48685054118338
4,South,2002,6,18,232,25734253,0.901522185236929
4,South,2002,7,19,62,25734253,0.240924032261593
4,South,2002,8,20,87,25734253,0.338070819463848
4,South,2002,9,21,46,25734253,0.17875008845215
4,South,2002,10,22,55,25734253,0.213722931844962
4,South,2002,11,23,100,25734253,0.388587148809021
4,South,2002,12,24,107,25734253,0.415788249225653
4,South,2003,1,25,760,26025091,2.92025876105486
4,South,2003,2,26,2185,26025091,8.39574393803273
4,South,2003,3,27,5499,26025091,21.1296091145272
4,South,2003,4,28,2200,26025091,8.45338062410617
4,South,2003,5,29,411,26025091,1.57924519841256
4,South,2003,6,30,43,26025091,0.165225166743893
4,South,2003,7,31,12,26025091,0.046109348858761
4,South,2003,8,32,8,26025091,0.0307395659058406
4,South,2003,9,33,3,26025091,0.0115273372146902
4,South,2003,10,34,5,26025091,0.0192122286911504
4,South,2003,11,35,14,26025091,0.0537942403352211
4,South,2003,12,36,53,26025091,0.203649624126194
4,South,2004,1,37,34,26635629,0.127648571768288
4,South,2004,2,38,27,26635629,0.101367983463052
4,South,2004,3,39,32,26635629,0.120139832252507
4,South,2004,4,40,48,26635629,0.18020974837876
4,South,2004,5,41,10,26635629,0.0375436975789083
4,South,2004,6,42,5,26635629,0.0187718487894542
4,South,2004,7,43,2,26635629,0.00750873951578166
4,South,2004,8,44,3,26635629,0.0112631092736725
4,South,2004,9,45,4,26635629,0.0150174790315633
4,South,2004,10,46,6,26635629,0.022526218547345
4,South,2004,11,47,8,26635629,0.0300349580631266
4,South,2004,12,48,14,26635629,0.0525611766104716
4,South,2005,1,49,60,26973511,0.222440452783473
4,South,2005,2,50,70,26973511,0.259513861580719
4,South,2005,3,51,268,26973511,0.993567355766181
4,South,2005,4,52,381,26973511,1.41249687517506
4,South,2005,5,53,195,26973511,0.722931471546289
4,South,2005,6,54,87,26973511,0.322538656536036
4,South,2005,7,55,25,26973511,0.0926835219931139
4,South,2005,8,56,24,26973511,0.0889761811133894
4,South,2005,9,57,5,26973511,0.0185367043986228
4,South,2005,10,58,7,26973511,0.0259513861580719
4,South,2005,11,59,10,26973511,0.0370734087972456
4,South,2005,12,60,17,26973511,0.0630247949553175
4,South,2006,1,61,51,27308863,0.186752557219244
4,South,2006,2,62,85,27308863,0.311254262032074
4,South,2006,3,63,360,27308863,1.31825334507702
4,South,2006,4,64,569,27308863,2.08357264819118
4,South,2006,5,65,153,27308863,0.560257671657733
4,South,2006,6,66,40,27308863,0.146472593897446
4,South,2006,7,67,12,27308863,0.0439417781692339
4,South,2006,8,68,7,27308863,0.0256327039320531
4,South,2006,9,69,7,27308863,0.0256327039320531
4,South,2006,10,70,12,27308863,0.0439417781692339
4,South,2006,11,71,28,27308863,0.102530815728212
4,South,2006,12,72,37,27308863,0.135487149355138
4,South,2007,1,73,705,26733877,2.63710347735946
4,South,2007,2,74,2401,26733877,8.9811141122554
4,South,2007,3,75,8782,26733877,32.8497060115897
4,South,2007,4,76,11106,26733877,41.5427960561051
4,South,2007,5,77,3901,26733877,14.5919725747223
4,South,2007,6,78,332,26733877,1.24187000635935
4,South,2007,7,79,84,26733877,0.314208073898148
4,South,2007,8,80,36,26733877,0.134660603099206
4,South,2007,9,81,55,26733877,0.205731476957121
4,South,2007,10,82,82,26733877,0.306726929281525
4,South,2007,11,83,155,26733877,0.579788707788249
4,South,2007,12,84,159,26733877,0.594750997021495
4,South,2008,1,85,159,27497970,0.578224501663214
4,South,2008,2,86,174,27497970,0.632773982952196
4,South,2008,3,87,442,27497970,1.60739138198202
4,South,2008,4,88,516,27497970,1.876502156341
4,South,2008,5,89,275,27497970,1.00007382363134
4,South,2008,6,90,82,27497970,0.298203831046437
4,South,2008,7,91,44,27497970,0.160011811781015
4,South,2008,8,92,61,27497970,0.221834557241862
4,South,2008,9,93,44,27497970,0.160011811781015
4,South,2008,10,94,53,27497970,0.192741500554405
4,South,2008,11,95,82,27497970,0.298203831046437
4,South,2008,12,96,142,27497970,0.516401756202367
4,South,2009,1,97,171,27719118,0.616902745606841
4,South,2009,2,98,185,27719118,0.667409403141904
4,South,2009,3,99,431,27719118,1.55488352840087
4,South,2009,4,100,340,27719118,1.22659025442296
4,South,2009,5,101,219,27719118,0.7900684285842
4,South,2009,6,102,58,27719118,0.209241866930975
4,South,2009,7,103,36,27719118,0.129874262233019
4,South,2009,8,104,32,27719118,0.115443788651573
4,South,2009,9,105,26,27719118,0.0937980782794027
4,South,2009,10,106,34,27719118,0.122659025442296
4,South,2009,11,107,80,27719118,0.288609471628931
4,South,2009,12,108,125,27719118,0.450952299420205
4,South,2010,1,109,791,27384815,2.88846209112605
4,South,2010,2,110,4537,27384815,16.5675758627546
4,South,2010,3,111,13456,27384815,49.136720478119
4,South,2010,4,112,13732,27384815,50.1445783000543
4,South,2010,5,113,5997,27384815,21.8989976744411
4,South,2010,6,114,851,27384815,3.10756161763371
4,South,2010,7,115,248,27384815,0.905611376231682
4,South,2010,8,116,119,27384815,0.434547394240202
4,South,2010,9,117,161,27384815,0.587917062795568
4,South,2010,10,118,191,27384815,0.6974668260494
4,South,2010,11,119,337,27384815,1.23060900721805
4,South,2010,12,120,1170,27384815,4.27244076689947
4,South,2011,1,121,2567,27562433,9.31340132418644
4,South,2011,2,122,6737,27562433,24.4426898017312
4,South,2011,3,123,10649,27562433,38.6359215821042
4,South,2011,4,124,6455,27562433,23.419558062962
4,South,2011,5,125,2236,27562433,8.11249137548924
4,South,2011,6,126,210,27562433,0.761906613977075
4,South,2011,7,127,44,27562433,0.159637576261863
4,South,2011,8,128,37,27562433,0.134240689129294
4,South,2011,9,129,45,27562433,0.163265702995088
4,South,2011,10,130,75,27562433,0.272109504991813
4,South,2011,11,131,74,27562433,0.268481378258588
4,South,2011,12,132,231,27562433,0.838097275374783
4,South,2012,1,133,190,27731644,0.685137887966541
4,South,2012,2,134,398,27731644,1.4351835758457
4,South,2012,3,135,982,27731644,3.54108108412181
4,South,2012,4,136,989,27731644,3.56632300631005
4,South,2012,5,137,662,27731644,2.38716464123079
4,South,2012,6,138,178,27731644,0.641866021358128
4,South,2012,7,139,68,27731644,0.245207244114341
4,South,2012,8,140,62,27731644,0.223571310810134
4,South,2012,9,141,43,27731644,0.15505752201348
4,South,2012,10,142,79,27731644,0.28487312183872
4,South,2012,11,143,203,27731644,0.732015743458989
4,South,2012,12,144,929,27731644,3.34996367326798
4,South,2013,1,145,5916,28795762,20.5446898748503
4,South,2013,2,146,12781,28795762,44.3850035987935
4,South,2013,3,147,21801,28795762,75.7090574647755
4,South,2013,4,148,17288,28795762,60.0366123320508
4,South,2013,5,149,6091,28795762,21.1524181926493
4,South,2013,6,150,1268,28795762,4.40342575410923
4,South,2013,7,151,236,28795762,0.819565045717491
4,South,2013,8,152,95,28795762,0.329909658233736
4,South,2013,9,153,89,28795762,0.309073258766342
4,South,2013,10,154,145,28795762,0.503546320462018
4,South,2013,11,155,314,28795762,1.09043823879361
4,South,2013,12,156,554,28795762,1.92389421748937
4,South,2014,1,157,1578,29016114,5.43835745889336
4,South,2014,2,158,3002,29016114,10.3459753432179
4,South,2014,3,159,5030,29016114,17.3351951953318
4,South,2014,4,160,6386,29016114,22.0084605402364
4,South,2014,5,161,4305,29016114,14.8365835618098
4,South,2014,6,162,803,29016114,2.76742778168021
4,South,2014,7,163,400,29016114,1.37854434952937
4,South,2014,8,164,270,29016114,0.930517435932324
4,South,2014,9,165,227,29016114,0.782323918357917
4,South,2014,10,166,343,29016114,1.18210177972143
4,South,2014,11,167,326,29016114,1.12351364486644
4,South,2014,12,168,432,29016114,1.48882789749172
4,South,2015,1,169,1738,29230180,5.94590933069861
4,South,2015,2,170,4240,29230180,14.5055555593568
4,South,2015,3,171,14338,29230180,49.0520414174665
4,South,2015,4,172,17133,29230180,58.6140762732217
4,South,2015,5,173,7486,29230180,25.6105162540908
4,South,2015,6,174,2191,29230180,7.49567741286574
4,South,2015,7,175,544,29230180,1.86109014723823
4,South,2015,8,176,404,29230180,1.38213312405192
4,South,2015,9,177,283,29230180,0.968177411155183
4,South,2015,10,178,348,29230180,1.1905503147774
4,South,2015,11,179,905,29230180,3.09611504274007
4,South,2015,12,180,2306,29230180,7.88910639619736
4,South,2016,1,181,10057,29439773,34.1612688385879
4,South,2016,2,182,18509,29439773,62.8707293361264
4,South,2016,3,183,21901,29439773,74.3925573067428
4,South,2016,4,184,15627,29439773,53.0812516794882
4,South,2016,5,185,2408,29439773,8.17941089423482
4,South,2016,6,186,385,29439773,1.30775464878754
4,South,2016,7,187,249,29439773,0.845794565059996
4,South,2016,8,188,170,29439773,0.577450104659435
4,South,2016,9,189,168,29439773,0.570656574016383
4,South,2016,10,190,301,29439773,1.02242636177935
4,South,2016,11,191,417,29439773,1.41645113907638
4,South,2016,12,192,701,29439773,2.38113249038979
4,South,2017,1,193,447,29644948,1.50784545144083
4,South,2017,2,194,341,29644948,1.1502803108307
4,South,2017,3,195,286,29644948,0.964751228438653
4,South,2017,4,196,181,29644948,0.610559343872015
4,South,2017,5,197,170,29644948,0.573453527393605
4,South,2017,6,198,94,29644948,0.317086068088229
4,South,2017,7,199,69,29644948,0.232754667000934
4,South,2017,8,200,102,29644948,0.344072116436163
4,South,2017,9,201,211,29644948,0.711757025176769
4,South,2017,10,202,200,29644948,0.674651208698359
4,South,2017,11,203,220,29644948,0.742116329568195
4,South,2017,12,204,198,29644948,0.667904696611375
4,South,2018,1,205,206,29754036,0.692343048855624
4,South,2018,2,206,187,29754036,0.628486165708746
4,South,2018,3,207,178,29754036,0.598238168428646
4,South,2018,4,208,308,29754036,1.03515368469676
4,South,2018,5,209,213,29754036,0.715869268962369
4,South,2018,6,210,87,29754036,0.292397307040968
4,South,2018,7,211,60,29754036,0.201653315200667
4,South,2018,8,212,46,29754036,0.154600874987178
4,South,2018,9,213,43,29754036,0.144518209227145
4,South,2018,10,214,125,29754036,0.420111073334723
4,South,2018,11,215,98,29754036,0.329367081494423
4,South,2018,12,216,167,29754036,0.56126839397519
4,South,2019,1,217,580,29975984,1.93488227108741
4,South,2019,2,218,1544,29975984,5.15079004579132
4,South,2019,3,219,4728,29975984,15.7726265132781
4,South,2019,4,220,10423,29975984,34.7711688130071
4,South,2019,5,221,13842,29975984,46.1769662006759
4,South,2019,6,222,5523,29975984,18.4247496262341
4,South,2019,7,223,1584,29975984,5.28423020241804
4,South,2019,8,224,620,29975984,2.06832242771413
4,South,2019,9,225,540,29975984,1.8014421144607
4,South,2019,10,226,963,29975984,3.21257177078824
4,South,2019,11,227,3090,29975984,10.308252099414
4,South,2019,12,228,6327,29975984,21.1068967744312
4,South,2020,1,229,32569,30192315,107.871821024655
4,South,2020,2,230,78893,30192315,261.301592805984
4,South,2020,3,231,85044,30192315,281.674326728507
4,South,2020,4,232,48752,30192315,161.471553274401
4,South,2020,5,233,20596,30192315,68.2160344445267
4,South,2020,6,234,5315,30192315,17.6038173952544
4,South,2020,7,235,2031,30192315,6.72687735273032
4,South,2020,8,236,742,30192315,2.45757902300635
4,South,2020,9,237,773,30192315,2.56025415739071
4,South,2020,10,238,1078,30192315,3.57044499568847
4,South,2020,11,239,2401,30192315,7.95235476312433
4,South,2020,12,240,4800,30192315,15.8980853240303
5,Central-West,2001,1,1,1576,11885529,13.259822091217
5,Central-West,2001,2,2,2474,11885529,20.8152283335475
5,Central-West,2001,3,3,4133,11885529,34.7733786186547
5,Central-West,2001,4,4,5257,11885529,44.230256810614
5,Central-West,2001,5,5,3801,11885529,31.9800658430937
5,Central-West,2001,6,6,914,11885529,7.69002372549005
5,Central-West,2001,7,7,456,11885529,3.83659827004755
5,Central-West,2001,8,8,281,11885529,2.36421954798983
5,Central-West,2001,9,9,338,11885529,2.84379433174577
5,Central-West,2001,10,10,742,11885529,6.24288578152474
5,Central-West,2001,11,11,1783,11885529,15.0014357795938
5,Central-West,2001,12,12,2033,11885529,17.104833953962
5,Central-West,2002,1,13,11502,12101540,95.0457545072776
5,Central-West,2002,2,14,15857,12101540,131.032909861059
5,Central-West,2002,3,15,10324,12101540,85.3114562278851
5,Central-West,2002,4,16,3493,12101540,28.8640949829526
5,Central-West,2002,5,17,1311,12101540,10.8333319560981
5,Central-West,2002,6,18,450,12101540,3.71853499637236
5,Central-West,2002,7,19,283,12101540,2.33854534216306
5,Central-West,2002,8,20,388,12101540,3.20620350798328
5,Central-West,2002,9,21,367,12101540,3.03267187481924
5,Central-West,2002,10,22,397,12101540,3.28057420791073
5,Central-West,2002,11,23,948,12101540,7.83371372569111
5,Central-West,2002,12,24,1685,12101540,13.9238477086387
5,Central-West,2003,1,25,4062,12317271,32.9780841876419
5,Central-West,2003,2,26,5767,12317271,46.8204361177082
5,Central-West,2003,3,27,3751,12317271,30.4531742461459
5,Central-West,2003,4,28,2439,12317271,19.8014641392562
5,Central-West,2003,5,29,1279,12317271,10.3837936179207
5,Central-West,2003,6,30,545,12317271,4.42468140873088
5,Central-West,2003,7,31,332,12317271,2.69540225265808
5,Central-West,2003,8,32,223,12317271,1.8104659709119
5,Central-West,2003,9,33,201,12317271,1.63185497826588
5,Central-West,2003,10,34,373,12317271,3.02826819349838
5,Central-West,2003,11,35,968,12317271,7.85888367642475
5,Central-West,2003,12,36,1221,12317271,9.91291009185395
5,Central-West,2004,1,37,1508,12770141,11.8087967861905
5,Central-West,2004,2,38,1714,12770141,13.4219348087073
5,Central-West,2004,3,39,1656,12770141,12.9677503169307
5,Central-West,2004,4,40,1206,12770141,9.44390512211259
5,Central-West,2004,5,41,824,12770141,6.45255209006698
5,Central-West,2004,6,42,313,12770141,2.4510301021735
5,Central-West,2004,7,43,150,12770141,1.17461506493938
5,Central-West,2004,8,44,92,12770141,0.720430573162818
5,Central-West,2004,9,45,82,12770141,0.642122902166859
5,Central-West,2004,10,46,227,12770141,1.77758413160826
5,Central-West,2004,11,47,462,12770141,3.61781440001328
5,Central-West,2004,12,48,623,12770141,4.87856790304821
5,Central-West,2005,1,49,1280,13020767,9.83045008024489
5,Central-West,2005,2,50,2673,13020767,20.5287445816364
5,Central-West,2005,3,51,4390,13020767,33.7153717595899
5,Central-West,2005,4,52,5582,13020767,42.8699783968179
5,Central-West,2005,5,53,4108,13020767,31.5496007262859
5,Central-West,2005,6,54,1925,13020767,14.7840753159933
5,Central-West,2005,7,55,644,13020767,4.94594519662321
5,Central-West,2005,8,56,449,13020767,3.4483375672109
5,Central-West,2005,9,57,384,13020767,2.94913502407347
5,Central-West,2005,10,58,827,13020767,6.35139235653322
5,Central-West,2005,11,59,2011,13020767,15.4445586807597
5,Central-West,2005,12,60,2212,13020767,16.9882465449232
5,Central-West,2006,1,61,5763,13269517,43.4303675107391
5,Central-West,2006,2,62,6260,13269517,47.1757939644676
5,Central-West,2006,3,63,9268,13269517,69.8442904892469
5,Central-West,2006,4,64,9393,13269517,70.7862991546716
5,Central-West,2006,5,65,4683,13269517,35.2914126414699
5,Central-West,2006,6,66,1267,13269517,9.54819983274448
5,Central-West,2006,7,67,494,13269517,3.7228182457583
5,Central-West,2006,8,68,387,13269517,2.91645882815479
5,Central-West,2006,9,69,350,13269517,2.63762426318908
5,Central-West,2006,10,70,806,13269517,6.07407187465829
5,Central-West,2006,11,71,3309,13269517,24.9368533911219
5,Central-West,2006,12,72,4177,13269517,31.4781615638309
5,Central-West,2007,1,73,22907,13223393,173.230879548086
5,Central-West,2007,2,74,29897,13223393,226.091745136819
5,Central-West,2007,3,75,25156,13223393,190.238617274704
5,Central-West,2007,4,76,11234,13223393,84.9555027215783
5,Central-West,2007,5,77,4510,13223393,34.1062237203417
5,Central-West,2007,6,78,1749,13223393,13.2265599305715
5,Central-West,2007,7,79,936,13223393,7.07836483419951
5,Central-West,2007,8,80,570,13223393,4.31054268749329
5,Central-West,2007,9,81,386,13223393,2.91906925854809
5,Central-West,2007,10,82,894,13223393,6.76074589933159
5,Central-West,2007,11,83,1646,13223393,12.4476373045859
5,Central-West,2007,12,84,3116,13223393,23.5643000249633
5,Central-West,2008,1,85,4688,13695944,34.2291119180978
5,Central-West,2008,2,86,5785,13695944,42.2387825183865
5,Central-West,2008,3,87,9161,13695944,66.8884160157197
5,Central-West,2008,4,88,12425,13695944,90.7202891600608
5,Central-West,2008,5,89,5528,13695944,40.3623145655385
5,Central-West,2008,6,90,1715,13695944,12.5219554051915
5,Central-West,2008,7,91,557,13695944,4.06689746979106
5,Central-West,2008,8,92,460,13695944,3.35865859264611
5,Central-West,2008,9,93,406,13695944,2.96438127959635
5,Central-West,2008,10,94,721,13695944,5.26433227238663
5,Central-West,2008,11,95,1131,13695944,8.25791927887556
5,Central-West,2008,12,96,1847,13695944,13.4857443926465
5,Central-West,2009,1,97,3338,13895375,24.0223815478172
5,Central-West,2009,2,98,5666,13895375,40.7761575344314
5,Central-West,2009,3,99,12404,13895375,89.2671122585753
5,Central-West,2009,4,100,18231,13895375,131.201928699297
5,Central-West,2009,5,101,14700,13895375,105.790595791765
5,Central-West,2009,6,102,5460,13895375,39.2936498655128
5,Central-West,2009,7,103,3443,13895375,24.7780286606155
5,Central-West,2009,8,104,3261,13895375,23.4682403317651
5,Central-West,2009,9,105,2790,13895375,20.0786232829269
5,Central-West,2009,10,106,5117,13895375,36.8252026303716
5,Central-West,2009,11,107,15004,13895375,107.978374099296
5,Central-West,2009,12,108,21156,13895375,152.252098270108
5,Central-West,2010,1,109,53348,14050340,379.691879342422
5,Central-West,2010,2,110,50165,14050340,357.037623288832
5,Central-West,2010,3,111,43290,14050340,308.106423047414
5,Central-West,2010,4,112,27688,14050340,197.062846877727
5,Central-West,2010,5,113,15270,14050340,108.68064402712
5,Central-West,2010,6,114,4389,14050340,31.237678234121
5,Central-West,2010,7,115,2097,14050340,14.9249057318186
5,Central-West,2010,8,116,1803,14050340,12.8324296778583
5,Central-West,2010,9,117,2228,14050340,15.8572675109641
5,Central-West,2010,10,118,2722,14050340,19.3731966628566
5,Central-West,2010,11,119,3887,14050340,27.6648109583113
5,Central-West,2010,12,120,8953,14050340,63.7208779289327
5,Central-West,2011,1,121,6253,14244192,43.8985938970775
5,Central-West,2011,2,122,6296,14244192,44.2004713219255
5,Central-West,2011,3,123,6878,14244192,48.2863471652165
5,Central-West,2011,4,124,6169,14244192,43.3088798578396
5,Central-West,2011,5,125,4337,14244192,30.4474974782704
5,Central-West,2011,6,126,1582,14244192,11.1062810723135
5,Central-West,2011,7,127,830,14244192,5.82693634008865
5,Central-West,2011,8,128,641,14244192,4.5000797518034
5,Central-West,2011,9,129,657,14244192,4.61240623546776
5,Central-West,2011,10,130,965,14244192,6.77469104600668
5,Central-West,2011,11,131,662,14244192,4.64750826161287
5,Central-West,2011,12,132,776,14244192,5.44783445772143
5,Central-West,2012,1,133,4828,14423952,33.4721025139296
5,Central-West,2012,2,134,6291,14423952,43.6149537935234
5,Central-West,2012,3,135,9018,14423952,62.52100672548
5,Central-West,2012,4,136,10124,14423952,70.1888081712973
5,Central-West,2012,5,137,9181,14423952,63.6510714955236
5,Central-West,2012,6,138,5353,14423952,37.111881681248
5,Central-West,2012,7,139,3378,14423952,23.4193790994313
5,Central-West,2012,8,140,2236,14423952,15.5019927964264
5,Central-West,2012,9,141,1833,14423952,12.7080289784658
5,Central-West,2012,10,142,2572,14423952,17.8314514635101
5,Central-West,2012,11,143,4751,14423952,32.9382682360563
5,Central-West,2012,12,144,8076,14423952,55.9902029624059
5,Central-West,2013,1,145,55547,14993191,370.481507238853
5,Central-West,2013,2,146,59294,14993191,395.472851643123
5,Central-West,2013,3,147,58298,14993191,388.82983615696
5,Central-West,2013,4,148,40593,14993191,270.742899226722
5,Central-West,2013,5,149,21978,14993191,146.586540516959
5,Central-West,2013,6,150,8920,14993191,59.4936728278857
5,Central-West,2013,7,151,3956,14993191,26.385310505282
5,Central-West,2013,8,152,2277,14993191,15.1868938373426
5,Central-West,2013,9,153,1833,14993191,12.2255495844747
5,Central-West,2013,10,154,2295,14993191,15.3069483340805
5,Central-West,2013,11,155,3460,14993191,23.077142150727
5,Central-West,2013,12,156,4772,14993191,31.8277810240662
5,Central-West,2014,1,157,11856,15219608,77.899509632574
5,Central-West,2014,2,158,14652,15219608,96.2705478353976
5,Central-West,2014,3,159,16933,15219608,111.257793236199
5,Central-West,2014,4,160,19995,15219608,131.376576847446
5,Central-West,2014,5,161,21330,15219608,140.148156246863
5,Central-West,2014,6,162,10229,15219608,67.2093525667678
5,Central-West,2014,7,163,4646,15219608,30.5264104042627
5,Central-West,2014,8,164,3036,15219608,19.9479513532806
5,Central-West,2014,9,165,2548,15219608,16.7415612806848
5,Central-West,2014,10,166,3159,15219608,20.7561193428898
5,Central-West,2014,11,167,3835,15219608,25.1977580500102
5,Central-West,2014,12,168,5568,15219608,36.5843850906015
5,Central-West,2015,1,169,16522,15442232,106.992305257427
5,Central-West,2015,2,170,24240,15442232,156.972126827262
5,Central-West,2015,3,171,40216,15442232,260.428673782391
5,Central-West,2015,4,172,42882,15442232,277.693017434267
5,Central-West,2015,5,173,43720,15442232,283.119694096035
5,Central-West,2015,6,174,20296,15442232,131.4317774788
5,Central-West,2015,7,175,6641,15442232,43.0054411823369
5,Central-West,2015,8,176,4110,15442232,26.6153234843253
5,Central-West,2015,9,177,3076,15442232,19.9194002525024
5,Central-West,2015,10,178,4247,15442232,27.5025009338028
5,Central-West,2015,11,179,9258,15442232,59.9524731916992
5,Central-West,2015,12,180,18069,15442232,117.010287113935
5,Central-West,2016,1,181,45083,15660988,287.868172812597
5,Central-West,2016,2,182,57847,15660988,369.370055069323
5,Central-West,2016,3,183,47385,15660988,302.567117732291
5,Central-West,2016,4,184,29924,15660988,191.073513369655
5,Central-West,2016,5,185,12681,15660988,80.971902922089
5,Central-West,2016,6,186,4946,15660988,31.5816601098219
5,Central-West,2016,7,187,2336,15660988,14.9160448881003
5,Central-West,2016,8,188,2082,15660988,13.2941804182469
5,Central-West,2016,9,189,2085,15660988,13.3133362978121
5,Central-West,2016,10,190,2680,15660988,17.1125857449096
5,Central-West,2016,11,191,3630,15660988,23.1786142738887
5,Central-West,2016,12,192,6619,15660988,42.2642556140136
5,Central-West,2017,1,193,7376,15875907,46.4603376676369
5,Central-West,2017,2,194,8515,15875907,53.6347309164762
5,Central-West,2017,3,195,12413,15875907,78.1876588216346
5,Central-West,2017,4,196,12798,15875907,80.6127171190912
5,Central-West,2017,5,197,14256,15875907,89.7964443858231
5,Central-West,2017,6,198,8537,15875907,53.7733056763308
5,Central-West,2017,7,199,3120,15875907,19.6524204884798
5,Central-West,2017,8,200,2188,15875907,13.7818897528185
5,Central-West,2017,9,201,1917,15875907,12.0749006655179
5,Central-West,2017,10,202,2549,15875907,16.0557755849792
5,Central-West,2017,11,203,2722,15875907,17.1454771056545
5,Central-West,2017,12,204,2572,15875907,16.2006491975545
5,Central-West,2018,1,205,10585,16085885,65.8030316640956
5,Central-West,2018,2,206,13072,16085885,81.2637912057683
5,Central-West,2018,3,207,18979,16085885,117.985426353601
5,Central-West,2018,4,208,17925,16085885,111.433098023516
5,Central-West,2018,5,209,15091,16085885,93.8151677697559
5,Central-West,2018,6,210,6758,16085885,42.0119875281963
5,Central-West,2018,7,211,3109,16085885,19.3275035846644
5,Central-West,2018,8,212,2393,16085885,14.876396294018
5,Central-West,2018,9,213,2317,16085885,14.4039323916589
5,Central-West,2018,10,214,3191,16085885,19.8372672687888
5,Central-West,2018,11,215,5384,16085885,33.470337503967
5,Central-West,2018,12,216,8133,16085885,50.5598541827198
5,Central-West,2019,1,217,14489,16297074,88.9055299129157
5,Central-West,2019,2,218,23734,16297074,145.633504517437
5,Central-West,2019,3,219,42229,16297074,259.12013408051
5,Central-West,2019,4,220,45899,16297074,281.639513939742
5,Central-West,2019,5,221,45474,16297074,279.031683847051
5,Central-West,2019,6,222,24749,16297074,151.861616385862
5,Central-West,2019,7,223,7620,16297074,46.7568595442348
5,Central-West,2019,8,224,3738,16297074,22.9366326740616
5,Central-West,2019,9,225,3657,16297074,22.4396109387489
5,Central-West,2019,10,226,3959,16297074,24.2927043222606
5,Central-West,2019,11,227,5297,16297074,32.5027670611301
5,Central-West,2019,12,228,7314,16297074,44.8792218774978
5,Central-West,2020,1,229,25402,16504303,153.911376930004
5,Central-West,2020,2,230,38439,16504303,232.902898110875
5,Central-West,2020,3,231,40005,16504303,242.391332733045
5,Central-West,2020,4,232,33707,16504303,204.231587362399
5,Central-West,2020,5,233,24522,16504303,148.579434102731
5,Central-West,2020,6,234,13603,16504303,82.4209298629576
5,Central-West,2020,7,235,7337,16504303,44.4550733223936
5,Central-West,2020,8,236,3679,16504303,22.2911564335677
5,Central-West,2020,9,237,2736,16504303,16.5774949720688
5,Central-West,2020,10,238,2158,16504303,13.0753779787005
5,Central-West,2020,11,239,3150,16504303,19.0859317112634
5,Central-West,2020,12,240,4669,16504303,28.2895921142505
